序号,日期,标题,文章链接,HTML文件,Markdown文件
"1","2026-07-20","为什么体制内干部“酒驾被抓”，纪委总能第一时间知道？这 3 张“天网”谁都躲不掉！","https://mp.weixin.qq.com/s?__biz=MzY4NDI4OTA3NA==&mid=2247492529&idx=1&sn=0fb34a0245fd5419469b3bc8d5eb687b&chksm=f3a49eecc4d317fa9ec40eda32f56ad001de7c6728a4f9e78698df0de60143690bf0b9b41316","HTML/2026-07-20 为什么体制内干部“酒驾被抓”,纪委总能第一时间知道 这 3 张“天网”谁都躲不掉! [2247492529].html","Markdown/2026-07-20 为什么体制内干部“酒驾被抓”,纪委总能第一时间知道 这 3 张“天网”谁都躲不掉! [2247492529].md"
"2","2026-07-19","为什么明明不算懒，但在乡镇工作的你，总是干什么都提不起劲？越让自己努力，反而越容易躺平？","https://mp.weixin.qq.com/s?__biz=MzY4NDI4OTA3NA==&mid=2247492513&idx=1&sn=85f7b7193a8528ef3fff2d4e019b8219&chksm=f3a49efcc4d317ead97cc7b256b5931fcbac46b7c8f9887c7c4afa1c701e05ba6f37ee7eb345","HTML/2026-07-19 为什么明明不算懒,但在乡镇工作的你,总是干什么都提不起劲 越让自己努力,反而越容易躺平 [2247492513].html","Markdown/2026-07-19 为什么明明不算懒,但在乡镇工作的你,总是干什么都提不起劲 越让自己努力,反而越容易躺平 [2247492513].md"
"3","2026-07-17","体制内干部务必自查！你知道纪委最喜欢盯着哪些人查吗？这 10 类“踩雷”行为注意了！","https://mp.weixin.qq.com/s?__biz=MzY4NDI4OTA3NA==&mid=2247492345&idx=1&sn=c726d69ece266fe3858413a0be75c643&chksm=f3a49fa4c4d316b2a8e5e835587dcdc41429db73c933f1b753c04b0ffeb77678fb288cbf0326","HTML/2026-07-17 体制内干部务必自查!你知道纪委最喜欢盯着哪些人查吗 这 10 类“踩雷”行为注意了! [2247492345].html","Markdown/2026-07-17 体制内干部务必自查!你知道纪委最喜欢盯着哪些人查吗 这 10 类“踩雷”行为注意了! [2247492345].md"
"4","2026-07-12","为什么在乡镇执法越规范，冲突反而越多？","https://mp.weixin.qq.com/s?__biz=MzY4NDI4OTA3NA==&mid=2247492225&idx=1&sn=82c4dc3d49a4702743c1192e7fbfdbf3&chksm=f3a49fdcc4d316ca31fe58b08c9e775258bdcc137906135d4a05ca6006227942ab8e8d2ec75b","HTML/2026-07-12 为什么在乡镇执法越规范,冲突反而越多 [2247492225].html","Markdown/2026-07-12 为什么在乡镇执法越规范,冲突反而越多 [2247492225].md"
"5","2026-07-07","我听在体制内“纪检工作”的朋友劝说：“打死都不要踩这 3 个“雷区”","https://mp.weixin.qq.com/s?__biz=MzY4NDI4OTA3NA==&mid=2247492129&idx=1&sn=453c7a3edec589fac6acc850b604dc87&chksm=f3a49f7cc4d3166abda90e19e5c2ec95ef090c76269d389d83a366d20877d9ea952f1d169f6b","HTML/2026-07-07 我听在体制内“纪检工作”的朋友劝说 “打死都不要踩这 3 个“雷区” [2247492129].html","Markdown/2026-07-07 我听在体制内“纪检工作”的朋友劝说 “打死都不要踩这 3 个“雷区” [2247492129].md"
"6","2026-07-06","为什么体制内“领导干部”的婚姻，越来越难走下去？离婚的也多了！","https://mp.weixin.qq.com/s?__biz=MzY4NDI4OTA3NA==&mid=2247491967&idx=1&sn=7038bf03d7e4258ee9acb7595163ab63&chksm=f3a49c22c4d3153442935ef1cc2401c0adb49af68a54cbda767c094669140edfc85be12090a6","HTML/2026-07-06 为什么体制内“领导干部”的婚姻,越来越难走下去 离婚的也多了! [2247491967].html","Markdown/2026-07-06 为什么体制内“领导干部”的婚姻,越来越难走下去 离婚的也多了! [2247491967].md"
"7","2026-06-30","为什么体制内女生“越晚越抢手“，男生“越晚越被动”？真相扎心！","https://mp.weixin.qq.com/s?__biz=MzY4NDI4OTA3NA==&mid=2247491872&idx=1&sn=652930b7c51f1a9ce7d0710dc35475f9&chksm=f3a49c7dc4d3156bb235f9aace9160827ed1b1a46b8b8666bfbca5e359e234a77b8d6357dfd3","HTML/2026-06-30 为什么体制内女生“越晚越抢手“,男生“越晚越被动” 真相扎心! [2247491872].html","Markdown/2026-06-30 为什么体制内女生“越晚越抢手“,男生“越晚越被动” 真相扎心! [2247491872].md"
"8","2026-06-28","你有没有发现，“乡镇干部”脾气越来越爆了，到底是什么原因？","https://mp.weixin.qq.com/s?__biz=MzY4NDI4OTA3NA==&mid=2247491335&idx=1&sn=92bc420099eb94f8c30069b0bee61bbe&chksm=f3a7625ac4d0eb4cba3ce9d8c49936234952bdde6dc16dd9b3b72148ef5dde11a101ebfad5e4","HTML/2026-06-28 你有没有发现,“乡镇干部”脾气越来越爆了,到底是什么原因 [2247491335].html","Markdown/2026-06-28 你有没有发现,“乡镇干部”脾气越来越爆了,到底是什么原因 [2247491335].md"
"9","2026-06-27","乡镇调解员每天都在干嘛？调解了无数次“矛盾纠纷”，发现“和稀泥”，才是最高境界！","https://mp.weixin.qq.com/s?__biz=MzY4NDI4OTA3NA==&mid=2247491319&idx=1&sn=9271952630c10371d8af350b1490090a&chksm=f3a763aac4d0eabc02448c411930ef5d7fcc1831dd70d0fda51f8abc35b33c469bbd82c58a14","HTML/2026-06-27 乡镇调解员每天都在干嘛 调解了无数次“矛盾纠纷”,发现“和稀泥”,才是最高境界! [2247491319].html","Markdown/2026-06-27 乡镇调解员每天都在干嘛 调解了无数次“矛盾纠纷”,发现“和稀泥”,才是最高境界! [2247491319].md"
"10","2026-06-25","为什么“乡镇干部”在开展群众工作的时候，害怕群众“生气拍桌”？这 5 招，教你克服沟通焦虑。","https://mp.weixin.qq.com/s?__biz=MzY4NDI4OTA3NA==&mid=2247491155&idx=1&sn=6bd48a82039b5a0492ee49b4358df4e2&chksm=f3a7630ec4d0ea18711514c884286cc2eaf386ec094d80b064d03ed719554e06d0b8e5f4ee11","HTML/2026-06-25 为什么“乡镇干部”在开展群众工作的时候,害怕群众“生气拍桌” 这 5 招,教你克服沟通焦虑。 [2247491155].html","Markdown/2026-06-25 为什么“乡镇干部”在开展群众工作的时候,害怕群众“生气拍桌” 这 5 招,教你克服沟通焦虑。 [2247491155].md"
"11","2026-06-23","体制内人员回乡抬棺被“问责”？到底冤不冤？乡村“人情和规矩”到底该怎么选？","https://mp.weixin.qq.com/s?__biz=MzY4NDI4OTA3NA==&mid=2247490994&idx=1&sn=f7c6bcb30e0372eb0c16ae200cb81577&chksm=f3a760efc4d0e9f964cc9384fa4ae99a904de7b927518b026699de51505f5c2835a9c2e22837","HTML/2026-06-23 体制内人员回乡抬棺被“问责” 到底冤不冤 乡村“人情和规矩”到底该怎么选 [2247490994].html","Markdown/2026-06-23 体制内人员回乡抬棺被“问责” 到底冤不冤 乡村“人情和规矩”到底该怎么选 [2247490994].md"
"12","2026-06-21","为什么城市农村都要“禁止燃放烟花爆竹”？到底该不该禁？怎么禁？","https://mp.weixin.qq.com/s?__biz=MzY4NDI4OTA3NA==&mid=2247490680&idx=1&sn=971397880439f65c0c43507917d65276&chksm=f3a76125c4d0e833ca25fce897dddcd1c8d53c383ae7d555cc22e2f2179f11064d7fe83f1394","HTML/2026-06-21 为什么城市农村都要“禁止燃放烟花爆竹” 到底该不该禁 怎么禁 [2247490680].html","Markdown/2026-06-21 为什么城市农村都要“禁止燃放烟花爆竹” 到底该不该禁 怎么禁 [2247490680].md"
"13","2026-06-19","为什么乡镇要开展“秸秆禁烧”工作呢？到底该不该管？如何管？","https://mp.weixin.qq.com/s?__biz=MzY4NDI4OTA3NA==&mid=2247490634&idx=1&sn=18f2af85569eacc3c17d4e079f5f7266&chksm=f3a76117c4d0e8019aee7a6850e4c07a1dcdea19b065a48e23b845acc318bdf67c9b72b9c951","HTML/2026-06-19 为什么乡镇要开展“秸秆禁烧”工作呢 到底该不该管 如何管 [2247490634].html","Markdown/2026-06-19 为什么乡镇要开展“秸秆禁烧”工作呢 到底该不该管 如何管 [2247490634].md"
"14","2026-06-15","乡镇综治中心，到底有什么作用？为何被骂，又离不开？","https://mp.weixin.qq.com/s?__biz=MzY4NDI4OTA3NA==&mid=2247490553&idx=1&sn=2dece14489a19177c4f7d1e5e23c539f&chksm=f3a766a4c4d0efb2f8959d8265f30fcad7e7b60c0d5aeb91f2154be19d568c5520318443054f","HTML/2026-06-15 乡镇综治中心,到底有什么作用 为何被骂,又离不开 [2247490553].html","Markdown/2026-06-15 乡镇综治中心,到底有什么作用 为何被骂,又离不开 [2247490553].md"
"15","2026-06-12","你知道，在乡镇哪个“岗位性价比”更高吗？聊聊这 2 个含金量最高的乡镇副职","https://mp.weixin.qq.com/s?__biz=MzY4NDI4OTA3NA==&mid=2247490479&idx=1&sn=4edda6455ce22fae4bd39c8a43042a3f&chksm=f3a766f2c4d0efe4f078303fa61462d410e46b0d18427e575e9c567716ec720b70b5856f87be","HTML/2026-06-12 你知道,在乡镇哪个“岗位性价比”更高吗 聊聊这 2 个含金量最高的乡镇副职 [2247490479].html","Markdown/2026-06-12 你知道,在乡镇哪个“岗位性价比”更高吗 聊聊这 2 个含金量最高的乡镇副职 [2247490479].md"
"16","2026-06-11","你知道吗？为什么公务员和事业编每年都能招这么多人？","https://mp.weixin.qq.com/s?__biz=MzY4NDI4OTA3NA==&mid=2247490402&idx=1&sn=9f5d7a187c87176994b2f8ae826a25f1&chksm=f3a7663fc4d0ef294e169a4df0e3b47168451e8fbbf0f6ff8296e5d5d6888ecfee0c45a3dc17","HTML/2026-06-11 你知道吗 为什么公务员和事业编每年都能招这么多人 [2247490402].html","Markdown/2026-06-11 你知道吗 为什么公务员和事业编每年都能招这么多人 [2247490402].md"
"17","2026-06-10","为什么体制内上岸的人，都爱说自己是运气好？真实心声揭秘！","https://mp.weixin.qq.com/s?__biz=MzY4NDI4OTA3NA==&mid=2247490383&idx=1&sn=75b87cb5db19c77c5a222ef6b21b8112&chksm=f3a76612c4d0ef04e46cc36b5085b63e2b30f0077f1e41a4ab6c3d360cd7def1cc7373ad0166","HTML/2026-06-10 为什么体制内上岸的人,都爱说自己是运气好 真实心声揭秘! [2247490383].html","Markdown/2026-06-10 为什么体制内上岸的人,都爱说自己是运气好 真实心声揭秘! [2247490383].md"
"18","2026-06-08","你们注意到了吗？“乡镇干部”，越负责越能干的人，反而分工越多，这到底是为什么？","https://mp.weixin.qq.com/s?__biz=MzY4NDI4OTA3NA==&mid=2247490278&idx=1&sn=edc102f4131a3297404e876565adbe31&chksm=f3a767bbc4d0eead285aa5332111ac5d06401a50b85e8c65039219fb9f6b605969d4f15b1956","HTML/2026-06-08 你们注意到了吗 “乡镇干部”,越负责越能干的人,反而分工越多,这到底是为什么 [2247490278].html","Markdown/2026-06-08 你们注意到了吗 “乡镇干部”,越负责越能干的人,反而分工越多,这到底是为什么 [2247490278].md"
"19","2026-06-05","“乡镇干部”下村工作，到底开谁的车去？答案，比想象中现实。","https://mp.weixin.qq.com/s?__biz=MzY4NDI4OTA3NA==&mid=2247490233&idx=1&sn=d0c252732174165f55820c1da4d1a05a&chksm=f3a767e4c4d0eef22e14fa2c5b157cc7e64b9bb12cc79749228e8367bdef338790502034dbd8","HTML/2026-06-05 “乡镇干部”下村工作,到底开谁的车去 答案,比想象中现实。 [2247490233].html","Markdown/2026-06-05 “乡镇干部”下村工作,到底开谁的车去 答案,比想象中现实。 [2247490233].md"
"20","2026-06-03","你真的了解“乡镇干部”吗？他们到底是干什么的？答案，比想象中现实。","https://mp.weixin.qq.com/s?__biz=MzY4NDI4OTA3NA==&mid=2247490179&idx=1&sn=4bd71700e69f4c3305b499df52e712a7&chksm=f3a767dec4d0eec8b8f8b7cbde901160a32abe14b773abaa82c70c0e43f50f45e06e39a41ed6","HTML/2026-06-03 你真的了解“乡镇干部”吗 他们到底是干什么的 答案,比想象中现实。 [2247490179].html","Markdown/2026-06-03 你真的了解“乡镇干部”吗 他们到底是干什么的 答案,比想象中现实。 [2247490179].md"
"21","2026-06-02","为什么“乡镇干部”下村工作，到饭点了受邀也不敢在村里吃饭？到底在怕什么？","https://mp.weixin.qq.com/s?__biz=MzY4NDI4OTA3NA==&mid=2247489826&idx=1&sn=88426d07a6bee5153dc4bcd26d190de2&chksm=f3a7647fc4d0ed693d0eba2340d0d88978aef317b234dada912ebe5f9bc42f22008d63312f42","HTML/2026-06-02 为什么“乡镇干部”下村工作,到饭点了受邀也不敢在村里吃饭 到底在怕什么 [2247489826].html","Markdown/2026-06-02 为什么“乡镇干部”下村工作,到饭点了受邀也不敢在村里吃饭 到底在怕什么 [2247489826].md"
"22","2026-06-01","为什么单位里的人，都很反感开周例会？","https://mp.weixin.qq.com/s?__biz=MzY4NDI4OTA3NA==&mid=2247489661&idx=1&sn=bddbb92af4fb2f2fe541d30fe617961c&chksm=f3a76520c4d0ec3659e6f5d0dcaaa157b13c8aa1d7f80b18716370d0a5bca11199d41cda9cbe","HTML/2026-06-01 为什么单位里的人,都很反感开周例会 [2247489661].html","Markdown/2026-06-01 为什么单位里的人,都很反感开周例会 [2247489661].md"
"23","2026-05-30","为什么“乡镇干部”越忙越乱？这 6 句负面沟通语，建议改掉","https://mp.weixin.qq.com/s?__biz=MzY4NDI4OTA3NA==&mid=2247489620&idx=1&sn=a961a9decde106d8eb3d5bc666f2cf8e&chksm=f3a76509c4d0ec1f7bd38f40e409d6e221326ac8689469f6b3147504ffb9634a185b88869710","HTML/2026-05-30 为什么“乡镇干部”越忙越乱 这 6 句负面沟通语,建议改掉 [2247489620].html","Markdown/2026-05-30 为什么“乡镇干部”越忙越乱 这 6 句负面沟通语,建议改掉 [2247489620].md"
"24","2026-05-25","为什么现在体制内的人都想着退休，问题出在哪了？","https://mp.weixin.qq.com/s?__biz=MzY4NDI4OTA3NA==&mid=2247488884&idx=1&sn=da66a46645e52da228030ce195a6f0db&chksm=f3a76829c4d0e13fea00132f393b568a8e3842e8ae47bd0b7a9caf149638fbd1ff8b288599d8","HTML/2026-05-25 为什么现在体制内的人都想着退休,问题出在哪了 [2247488884].html","Markdown/2026-05-25 为什么现在体制内的人都想着退休,问题出在哪了 [2247488884].md"
"25","2026-05-24","为什么体制内“饭局”不再受欢迎了？几年前靠“一顿饭”摆平一切，现在为什么不行了？","https://mp.weixin.qq.com/s?__biz=MzY4NDI4OTA3NA==&mid=2247488673&idx=1&sn=41d3274760618e207c05c114883c2c33&chksm=f3a769fcc4d0e0ea795e935c55daa71c8797bc2cdecda9114cb8330e85df324e0e4ea828c3d1","HTML/2026-05-24 为什么体制内“饭局”不再受欢迎了 几年前靠“一顿饭”摆平一切,现在为什么不行了 [2247488673].html","Markdown/2026-05-24 为什么体制内“饭局”不再受欢迎了 几年前靠“一顿饭”摆平一切,现在为什么不行了 [2247488673].md"
"26","2026-05-23","你知道，“乡镇干部”一天到底都在忙什么？聊聊最累的 3 项工作。","https://mp.weixin.qq.com/s?__biz=MzY4NDI4OTA3NA==&mid=2247488624&idx=1&sn=6a7aa620f6bbcd83f1e7847637329f53&chksm=f3a7692dc4d0e03b9024c23bc67ce96388009005edac2d74d0760968bca99e7f3bf0ab015535","HTML/2026-05-23 你知道,“乡镇干部”一天到底都在忙什么 聊聊最累的 3 项工作。 [2247488624].html","Markdown/2026-05-23 你知道,“乡镇干部”一天到底都在忙什么 聊聊最累的 3 项工作。 [2247488624].md"
"27","2026-05-21","为什么“乡镇干部”的年轻人都想“躺平”？答案，比想象中现实。","https://mp.weixin.qq.com/s?__biz=MzY4NDI4OTA3NA==&mid=2247487982&idx=1&sn=b0f1c658f72ea06fa3dd014432bf5f39&chksm=f3a76cb3c4d0e5a58ff272025d62a53045a3905cded4205332a9d29e6bbb9953873dfb32250e","HTML/2026-05-21 为什么“乡镇干部”的年轻人都想“躺平” 答案,比想象中现实。 [2247487982].html","Markdown/2026-05-21 为什么“乡镇干部”的年轻人都想“躺平” 答案,比想象中现实。 [2247487982].md"
"28","2026-05-18","为了让“乡镇干部”老实待在乡镇，组织部竟用这种“歪”办法！","https://mp.weixin.qq.com/s?__biz=MzY4NDI4OTA3NA==&mid=2247487468&idx=1&sn=0a1d881704338afc6cceb635945007f7&chksm=f3a772b1c4d0fba7a8e88bb922149af7ec088286bd368c73a4840aede4e87f02bddefeaeadc7","HTML/2026-05-18 为了让“乡镇干部”老实待在乡镇,组织部竟用这种“歪”办法! [2247487468].html","Markdown/2026-05-18 为了让“乡镇干部”老实待在乡镇,组织部竟用这种“歪”办法! [2247487468].md"
"29","2026-05-15","你注意到没？为什么现在的年轻人，都不愿报考“老牌”体制单位了！","https://mp.weixin.qq.com/s?__biz=MzY4NDI4OTA3NA==&mid=2247487273&idx=1&sn=e99c227af06034e3cde81d8ac1bf4cef&chksm=f3a77274c4d0fb62afdff592e00198ae561e2b4fd543c7ecc4abf1f1507d7ff9724c584436ae","HTML/2026-05-15 你注意到没 为什么现在的年轻人,都不愿报考“老牌”体制单位了! [2247487273].html","Markdown/2026-05-15 你注意到没 为什么现在的年轻人,都不愿报考“老牌”体制单位了! [2247487273].md"
"30","2026-05-14","事业编听劝：年轻人，千万不要待在乡镇太久！答案，比想象中现实。","https://mp.weixin.qq.com/s?__biz=MzY4NDI4OTA3NA==&mid=2247487106&idx=1&sn=4a30d9671939221a04095c6e19fecccc&chksm=f3a773dfc4d0fac9756e6f3f6dffa23d84f070bc54c09de9cc0c08503245579b3fb6ef710e65","HTML/2026-05-14 事业编听劝 年轻人,千万不要待在乡镇太久!答案,比想象中现实。 [2247487106].html","Markdown/2026-05-14 事业编听劝 年轻人,千万不要待在乡镇太久!答案,比想象中现实。 [2247487106].md"
"31","2026-05-13","体制内哪几个部门最“伤神”？聊聊最累的5个岗位","https://mp.weixin.qq.com/s?__biz=MzY4NDI4OTA3NA==&mid=2247486565&idx=1&sn=c1e2d79f2ec00ab090161e6e360ad13f&chksm=f3a77138c4d0f82e9ef5c4e26ffd7a11965bf8cb1717aa8e12ed0c3d8cb7159fae55c4957c19","HTML/2026-05-13 体制内哪几个部门最“伤神” 聊聊最累的5个岗位 [2247486565].html","Markdown/2026-05-13 体制内哪几个部门最“伤神” 聊聊最累的5个岗位 [2247486565].md"
"32","2026-05-12","让乡镇干部“头疼”的不是领导？看似不起眼的 3 个部门，拿捏整个乡镇工作","https://mp.weixin.qq.com/s?__biz=MzY4NDI4OTA3NA==&mid=2247486528&idx=1&sn=4a28a25dc8351c89265ef6ff82917776&chksm=f3a7711dc4d0f80bcb3108bbac7673bf0e8bb7329155c7f34944cb12d7a9f24997510c14964c","HTML/2026-05-12 让乡镇干部“头疼”的不是领导 看似不起眼的 3 个部门,拿捏整个乡镇工作 [2247486528].html","Markdown/2026-05-12 让乡镇干部“头疼”的不是领导 看似不起眼的 3 个部门,拿捏整个乡镇工作 [2247486528].md"
"33","2026-05-11","你们有没有发现，哪些“社会小混混”突然消失了？他们都去干啥了！","https://mp.weixin.qq.com/s?__biz=MzY4NDI4OTA3NA==&mid=2247486141&idx=1&sn=5234c067ab0491d8e77b2cd11eb99863&chksm=f3a777e0c4d0fef6f36d1850751668c3b439d5aa66af838242fb585b54c1d0424b1b4114b79e","HTML/2026-05-11 你们有没有发现,哪些“社会小混混”突然消失了 他们都去干啥了! [2247486141].html","Markdown/2026-05-11 你们有没有发现,哪些“社会小混混”突然消失了 他们都去干啥了! [2247486141].md"
"34","2026-05-10","你知道“乡镇干部”到底有多累吗？灾害预警一响，全员原地待命，节假日没有了，家也都回不了。","https://mp.weixin.qq.com/s?__biz=MzY4NDI4OTA3NA==&mid=2247486030&idx=1&sn=09414d70d392dd84d168af95194c8515&chksm=f3a77713c4d0fe0599f32e882279799f323dd5ed4807668319774122b51b06c16f2e00d2ec70","HTML/2026-05-10 你知道“乡镇干部”到底有多累吗 灾害预警一响,全员原地待命,节假日没有了,家也都回不了。 [2247486030].html","Markdown/2026-05-10 你知道“乡镇干部”到底有多累吗 灾害预警一响,全员原地待命,节假日没有了,家也都回不了。 [2247486030].md"
"35","2026-05-09","你注意到了吗？乡镇“办个事”复杂化了！本来是3分钟能搞定的小事，却搞出一大串流程，事没干多少，台账堆成山。","https://mp.weixin.qq.com/s?__biz=MzY4NDI4OTA3NA==&mid=2247485486&idx=1&sn=608fa6aa00f8fc942a8cb9c4936ef599&chksm=f3a77573c4d0fc65a81d7df9806f3a9e881eb8240352d1f6e5add329b7173463f9ee0b89c9a0","HTML/2026-05-09 你注意到了吗 乡镇“办个事”复杂化了!本来是3分钟能搞定的小事,却搞出一大串流程,事没干多少,台账堆成山。 [2247485486].html","Markdown/2026-05-09 你注意到了吗 乡镇“办个事”复杂化了!本来是3分钟能搞定的小事,却搞出一大串流程,事没干多少,台账堆成山。 [2247485486].md"
"36","2026-05-07","乡镇“霸道”干部消失了，你注意到了吗？十几年前镇村干部靠气场摆平一切，现在为什么不行了？","https://mp.weixin.qq.com/s?__biz=MzY4NDI4OTA3NA==&mid=2247485036&idx=1&sn=a52d88a5739b75b2d6c269718c0851f1&chksm=f3a77b31c4d0f22784bd21a7372107b4c98dd5fef00c2a2f0d246117883579a5cac325ab428d","HTML/2026-05-07 乡镇“霸道”干部消失了,你注意到了吗 十几年前镇村干部靠气场摆平一切,现在为什么不行了 [2247485036].html","Markdown/2026-05-07 乡镇“霸道”干部消失了,你注意到了吗 十几年前镇村干部靠气场摆平一切,现在为什么不行了 [2247485036].md"
"37","2026-05-05","一次性说透！公务员与事业编，到底有什么区别？","https://mp.weixin.qq.com/s?__biz=MzY4NDI4OTA3NA==&mid=2247484491&idx=1&sn=89d1ef12184028403274ca9d57752cf5&chksm=f3a77916c4d0f000756b86c958def94aa8902a0dcf3e96e69fcbd46c0a25070e90117bdf1741","HTML/2026-05-05 一次性说透!公务员与事业编,到底有什么区别 [2247484491].html","Markdown/2026-05-05 一次性说透!公务员与事业编,到底有什么区别 [2247484491].md"
"38","2026-05-04","为什么越来越多乡镇年轻人，都想往县局走？","https://mp.weixin.qq.com/s?__biz=MzY4NDI4OTA3NA==&mid=2247484192&idx=1&sn=30984402d1e481dbbb7f336348ab3eb2&chksm=f3a77e7dc4d0f76ba86e0847f5a574292f184264d543d221fb3164f5f3a668bcdfcc041ef875","HTML/2026-05-04 为什么越来越多乡镇年轻人,都想往县局走 [2247484192].html","Markdown/2026-05-04 为什么越来越多乡镇年轻人,都想往县局走 [2247484192].md"
"39","2026-05-02","体制内逐渐“没落”的5大老牌单位，曾经人人争抢，如今风光早已不在！","https://mp.weixin.qq.com/s?__biz=MzY4NDI4OTA3NA==&mid=2247484111&idx=1&sn=fb3a3b7f49822db6e1fd12c2c3a76f56&chksm=f3a77f92c4d0f684caee5080fdfbd2bf95ed9c33b958c0f3f402e062cde47ba7ac331a0f282d","HTML/2026-05-02 体制内逐渐“没落”的5大老牌单位,曾经人人争抢,如今风光早已不在! [2247484111].html","Markdown/2026-05-02 体制内逐渐“没落”的5大老牌单位,曾经人人争抢,如今风光早已不在! [2247484111].md"
"40","2026-05-01","为什么越来越多年轻人，宁愿挤编外也不进私企？真相很现实！","https://mp.weixin.qq.com/s?__biz=MzY4NDI4OTA3NA==&mid=2247484074&idx=1&sn=da4e90cccd4799529fd873196928195f&chksm=f3a77ff7c4d0f6e13d408e5fdafe0d1738428ee4bec082c23c6a98c2cbdd0ab1a55bdd7eae81","HTML/2026-05-01 为什么越来越多年轻人,宁愿挤编外也不进私企 真相很现实! [2247484074].html","Markdown/2026-05-01 为什么越来越多年轻人,宁愿挤编外也不进私企 真相很现实! [2247484074].md"
"41","2026-04-30","“不谈大道理，聊聊最真实的农民生存现状”","https://mp.weixin.qq.com/s?__biz=MzY4NDI4OTA3NA==&mid=2247484046&idx=1&sn=a15deba5dab6b91efc5454516c0401db&chksm=f3a77fd3c4d0f6c50eb6369c055b10f7581a26935b329d4fa6e2d4e3d9174506a022f150cfa1","HTML/2026-04-30 “不谈大道理,聊聊最真实的农民生存现状” [2247484046].html","Markdown/2026-04-30 “不谈大道理,聊聊最真实的农民生存现状” [2247484046].md"
"42","2026-04-28","省、市、县、乡公务员岗位全面对比：看清差别，再做选择！","https://mp.weixin.qq.com/s?__biz=MzY4NDI4OTA3NA==&mid=2247484031&idx=1&sn=63914079b6e32e76edb68842b6691003&chksm=f3a77f22c4d0f634793e099981cbedc12339c2dbbc75682475a637eeb99cd79e0af2c6afaab9","HTML/2026-04-28 省、市、县、乡公务员岗位全面对比 看清差别,再做选择! [2247484031].html","Markdown/2026-04-28 省、市、县、乡公务员岗位全面对比 看清差别,再做选择! [2247484031].md"
"43","2026-04-26","公务员有提前退休通道，事业编为什么却不开放呢？","https://mp.weixin.qq.com/s?__biz=MzY4NDI4OTA3NA==&mid=2247483954&idx=1&sn=d9bb1224e2a7d745c39f03371e2ec658&chksm=f3a77f6fc4d0f679c3f717cb2326d2606fd77f7c741e558bec7a7e2e6efff04585eb114bd07e","HTML/2026-04-26 公务员有提前退休通道,事业编为什么却不开放呢 [2247483954].html","Markdown/2026-04-26 公务员有提前退休通道,事业编为什么却不开放呢 [2247483954].md"
